﻿<?xml version="1.0" encoding="utf-8" ?>
<Defs>



<ThingDef ParentName="AnimalThingBase" ADogSaidBody="LegsTail">
  <defName>Sheepdog</defName>
  <label>Sheepdog</label>
  <description>A larger dog covered in long shearable hair.</description>
  <statBases>
    <MoveSpeed>5</MoveSpeed>
    <ComfyTemperatureMin>-5</ComfyTemperatureMin>
    <MarketValue>350</MarketValue>
    <MeatAmount>15</MeatAmount>
    <LeatherAmount>5</LeatherAmount>
  </statBases>
  <verbs>
    <li>
      <verbClass>Verb_MeleeAttack</verbClass>
      <defaultCooldownTime>2.35</defaultCooldownTime>
      <meleeDamageBaseAmount>3</meleeDamageBaseAmount>
      <meleeDamageDef>Scratch</meleeDamageDef>
      <linkedBodyPartsGroup>FrontLeftPaw</linkedBodyPartsGroup>
      <surpriseAttack>
        <extraMeleeDamages>
          <li>
            <def>Stun</def>
            <amount>1</amount>
          </li>
        </extraMeleeDamages>
      </surpriseAttack>
    </li>
    <li>
      <verbClass>Verb_MeleeAttack</verbClass>
      <defaultCooldownTime>2.35</defaultCooldownTime>
      <meleeDamageBaseAmount>3</meleeDamageBaseAmount>
      <meleeDamageDef>Scratch</meleeDamageDef>
      <linkedBodyPartsGroup>FrontRightPaw</linkedBodyPartsGroup>
      <surpriseAttack>
        <extraMeleeDamages>
          <li>
            <def>Stun</def>
            <amount>1</amount>
          </li>
        </extraMeleeDamages>
      </surpriseAttack>
    </li>
    <li>
      <verbClass>Verb_MeleeAttack</verbClass>
      <defaultCooldownTime>2.0</defaultCooldownTime>
      <meleeDamageBaseAmount>7</meleeDamageBaseAmount>
      <meleeDamageDef>Bite</meleeDamageDef>
      <linkedBodyPartsGroup>Teeth</linkedBodyPartsGroup>
      <surpriseAttack>
        <extraMeleeDamages>
          <li>
            <def>Stun</def>
            <amount>2</amount>
          </li>
        </extraMeleeDamages>
      </surpriseAttack>
    </li>
  </verbs>
  <race>
    <wildBiomes>
      <Desert>0.001</Desert>
      <ExtremeDesert>0.001</ExtremeDesert>
      <AridShrubland>0.003</AridShrubland>
      <TemperateForest>0.01</TemperateForest>
      <BorealForest>0.01</BorealForest>
    </wildBiomes>
    <body>QuadrupedAnimalWithPawsAndTail</body>
    <herdAnimal>false</herdAnimal>
    <predator>false</predator>
    <petness>1</petness>
    <baseBodySize>1.0</baseBodySize>
    <baseHungerRate>0.20</baseHungerRate>
    <baseHealthScale>0.75</baseHealthScale>
    <foodType>CarnivoreAnimal, OvivoreAnimal</foodType>
    <leatherColor>(165,130,105)</leatherColor>
    <leatherLabel>Sheepdog Leather</leatherLabel>
    <meatLabel>Sheepdog Meat</meatLabel>
    <leatherInsulation>0.25</leatherInsulation>
		<leatherCommonalityFactor>0.25</leatherCommonalityFactor>
	  <leatherMarketValueFactor>1.00</leatherMarketValueFactor>
    <trainableIntelligence>Advanced</trainableIntelligence>
    <gestationPeriodDays>22</gestationPeriodDays>
    <nameOnTameChance>0.75</nameOnTameChance>
    <wildness>0.1</wildness>
    <manhunterOnDamageChance>0.1</manhunterOnDamageChance>
    <manhunterOnTameFailChance>0.005</manhunterOnTameFailChance>
    <nuzzleMtbHours>24</nuzzleMtbHours>
		<packAnimal>false</packAnimal>
    <litterSizeCurve>
      <points>
        <li>(0.5, 0)</li>
        <li>(1, 3)</li>
        <li>(2, 2.7)</li>
        <li>(3, 1.7)</li>
        <li>(3.5, 0)</li>
      </points>
    </litterSizeCurve>
    <lifeExpectancy>18</lifeExpectancy>
    <lifeStageAges>
      <li>
        <def>AnimalBaby</def>
        <minAge>0</minAge>
      </li>
      <li>
        <def>AnimalJuvenile</def>
        <minAge>1.25</minAge>
      </li>
      <li>
        <def>AnimalAdult</def>
        <minAge>2.65</minAge>
          <soundWounded>Pawn_DogSmall_Injured</soundWounded>
          <soundDeath>Pawn_DogSmall_Dead</soundDeath>
          <soundCall>Pawn_DogSmall_Call</soundCall>
          <soundAngry>Pawn_DogSmall_Angry</soundAngry>
      </li>
    </lifeStageAges>
    <soundMeleeHitPawn>Pawn_Melee_BigBash_HitPawn</soundMeleeHitPawn>
    <soundMeleeHitBuilding>Pawn_Melee_BigBash_HitBuilding</soundMeleeHitBuilding>
    <soundMeleeMiss>Pawn_Melee_BigBash_Miss</soundMeleeMiss>
  </race>
    <comps>
      <li Class="CompProperties_Shearable">
        <woolDef>WoolSheepdog</woolDef>
        <shearIntervalDays>50</shearIntervalDays>
        <woolAmount>75</woolAmount>
      </li>
    </comps>
  <tradeTags>
    <li>StandardAnimal</li>
  </tradeTags>
</ThingDef>
<PawnKindDef ParentName="AnimalKindBase">
  <defName>Sheepdog</defName>
  <label>Sheepdog</label>
  <race>Sheepdog</race>
  <combatPower>12</combatPower>
  <lifeStages>
    <li>
      <label>Young Sheepdog</label>
      <labelPlural>Young Sheepdogs</labelPlural>
      <bodyGraphicData>
        <texPath>Dogs/sheepdog/sheepdog</texPath>
        <drawSize>0.80</drawSize>
        <shadowData>
          <volume>(0.2, 0.2, 0.2)</volume>
          <offset>(0,0,0.0)</offset>
        </shadowData>
      </bodyGraphicData>
      <femaleGraphicData>
        <texPath>Dogs/sheepdog/sheepdog</texPath>
        <drawSize>0.80</drawSize>
        <shadowData>
          <volume>(0.2, 0.2, 0.2)</volume>
          <offset>(0,0,0.0)</offset>
        </shadowData>
      </femaleGraphicData>
      <dessicatedBodyGraphicData>
        <texPath>Things/Pawn/Animal/Dessicated/CritterDessicatedMedium</texPath>
        <drawSize>0.8</drawSize>
      </dessicatedBodyGraphicData>
    </li>
    <li>
      <bodyGraphicData>
        <texPath>Dogs/sheepdog/sheepdog</texPath>
        <drawSize>2</drawSize>
        <shadowData>
          <volume>(0.4, 0.4, 0.4)</volume>
          <offset>(0,0,0.0)</offset>
        </shadowData>
      </bodyGraphicData>
      <femaleGraphicData>
        <texPath>Dogs/sheepdog/sheepdog</texPath>
        <drawSize>2</drawSize>
        <shadowData>
          <volume>(0.4, 0.4, 0.4)</volume>
          <offset>(0,0,0.0)</offset>
        </shadowData>
      </femaleGraphicData>
      <dessicatedBodyGraphicData>
        <texPath>Things/Pawn/Animal/Dessicated/CritterDessicatedMedium</texPath>
        <drawSize>2</drawSize>
      </dessicatedBodyGraphicData>
    </li>
    <li>
      <bodyGraphicData>
        <texPath>Dogs/sheepdog/sheepdog</texPath>
        <drawSize>2.5</drawSize>
        <shadowData>
          <volume>(0.5, 0.5, 0.5)</volume>
          <offset>(0,0,0.0)</offset>
        </shadowData>
      </bodyGraphicData>
      <femaleGraphicData>
        <texPath>Dogs/sheepdog/sheepdog</texPath>
        <drawSize>2.5</drawSize>
        <shadowData>
          <volume>(0.5, 0.5, 0.5)</volume>
          <offset>(0,0,0.0)</offset>
        </shadowData>
      </femaleGraphicData>
      <dessicatedBodyGraphicData>
        <texPath>Things/Pawn/Animal/Dessicated/CritterDessicatedMedium</texPath>
        <drawSize>2.5</drawSize>
      </dessicatedBodyGraphicData>
    </li>
  </lifeStages>
  <wildSpawn_spawnWild>true</wildSpawn_spawnWild>
  <wildSpawn_EcoSystemWeight>0.1</wildSpawn_EcoSystemWeight>
  <wildSpawn_GroupSizeRange>
    <min>2</min>
    <max>3</max>
  </wildSpawn_GroupSizeRange>
</PawnKindDef>

</Defs>
